1;GRAFIK CAPAIAN STANDAR DAN PROSES;KINERJA KLINIS
2;GRAFIK CAPAIAN STANDAR KINERJA KLINIS;MATERNAL
3;GRAFIK CAPAIAN PROSES KINERJA KLINIS;MATERNAL
4;GRAFIK CAPAIAN STANDAR KINERJA KLINIS;NEONATAL
5;GRAFIK CAPAIAN PROSES KINERJA KLINIS;NEONATAL
6;GRAFIK CAPAIAN STANDAR KINERJA KLINIS;TATAKELOLA KLINIS
7;GRAFIK CAPAIAN PROSES KINERJA KLINIS;TATAKELOLA KLINIS
8;GRAFIK CAPAIAN STANDAR KINERJA KLINIS;PENCEGAHAN INFEKSI
9;GRAFIK CAPAIAN PROSES KINERJA KLINIS;PENCEGAHAN INFEKSI
10;GRAFIK CAPAIAN STANDAR KINERJA KLINIS;RUJUKAN
11;GRAFIK CAPAIAN PROSES KINERJA KLINIS;RUJUKAN